text,label,label_numeric
The storyline is engaging but the controls feel clunky at times.,non-spam,0
I've played 50+ hours and still discovering new content.,non-spam,0
Graphics are stunning on ultra settings with my RTX 3080.,non-spam,0
"Multiplayer servers need improvement, too much lag during peak hours.",non-spam,0
"The soundtrack is absolutely phenomenal, worth playing just for the music.",non-spam,0
"Too many microtransactions, but the core gameplay is solid.",non-spam,0
Perfect for casual gaming sessions after work.,non-spam,0
Character customization options are limited compared to similar titles.,non-spam,0
The open world feels empty after completing main quests.,non-spam,0
Best RPG I've played since The Witcher 3.,non-spam,0
Loading times are excessive even on SSD.,non-spam,0
The dialogue options actually change the story outcome!Co-op mode is buggy but still fun with friends.,non-spam,0
"AI needs work, enemies are too predictable.",non-spam,0
"Performance on console is smooth, PC port needs optimization.",non-spam,0
The crafting system is deep and rewarding.,non-spam,0
Too many repetitive side quests.,non-spam,0
Voice acting is top-notch across all characters.,non-spam,0
Early game is slow but it picks up after 5 hours.,non-spam,0
"Worth the full price, no regrets.",non-spam,0
Camera angles during combat need fixing.,non-spam,0
The art style is unique and beautiful.,non-spam,0
I encountered 3 crashes in 20 hours of gameplay.,non-spam,0
Skill tree offers meaningful build diversity.,non-spam,0
Pacing issues - some sections drag on too long.,non-spam,0
Environmental storytelling is masterful.,non-spam,0
Needs better controller support on PC.,non-spam,0
The physics engine creates hilarious unintended moments.,non-spam,0
Difficulty spikes are poorly balanced.,non-spam,0
Photo mode is incredibly detailed.,non-spam,0
Inventory management becomes tedious mid-game.,non-spam,0
The lore is deep and well-documented in-game.,non-spam,0
Frame rate drops in crowded areas.,non-spam,0
Combat feels satisfying and impactful.,non-spam,0
Too much hand-holding in tutorials.,non-spam,0
Sound design makes horror sections terrifying.,non-spam,0
Quick-time events are overused.,non-spam,0
World-building is exceptional.,non-spam,0
Best graphics and gameplay,non-spam,0
Auto-save system needs more frequent checkpoints.,non-spam,0
Character development is emotional and well-written.,non-spam,0
Map could use more fast-travel points.,non-spam,0
The weather system affects gameplay meaningfully.,non-spam,0
Stealth mechanics are poorly implemented.,non-spam,0
Side characters are memorable and well-acted.,non-spam,0
UI is cluttered and overwhelming.,non-spam,0
New Game+ adds significant replay value.,non-spam,0
Parkour mechanics feel fluid and natural.,non-spam,0
Resource gathering becomes grindy.,non-spam,0
The photo-realistic graphics are technically impressive.,non-spam,0
Boss fights are creative and challenging.,non-spam,0
Driving controls are floaty and imprecise.,non-spam,0
Moral choices actually feel consequential.,non-spam,0
Too many unskippable cutscenes.,non-spam,0
Procedural generation keeps exploration fresh.,non-spam,0
Aiming feels off with mouse and keyboard.,non-spam,0
Atmospheric and immersive world.,non-spam,0
Crafting materials are too scarce.,non-spam,0
Companion AI is smart and helpful.,non-spam,0
Text is too small to read on TV.,non-spam,0
The dynamic music adapts perfectly to situations.,non-spam,0
Platforming sections are frustrating.,non-spam,0
Weapon variety is impressive.,non-spam,0
Story conclusion feels rushed.,non-spam,0
HDR implementation is excellent.,non-spam,0
Enemy variety is lacking in later areas.,non-spam,0
Puzzles are clever and satisfying to solve.,non-spam,0
Too much backtracking required.,non-spam,0
The day/night cycle affects NPC behavior.,non-spam,0
Cover system is clunky.,non-spam,0
Character relationships develop naturally.,non-spam,0
Fast travel breaks immersion.,non-spam,0
Destructible environments are impressive.,non-spam,0
Tutorial doesn't explain advanced mechanics.,non-spam,0
The modding community will extend this game's life.,non-spam,0
Vehicle handling needs improvement.,non-spam,0
World feels alive with dynamic events.,non-spam,0
Fetch quests pad the game length unnecessarily.,non-spam,0
Magic system is innovative and fun.,non-spam,0
Texture pop-in is noticeable.,non-spam,0
Dialogue choices reflect my personality.,non-spam,0
Checkpoints are too far apart.,non-spam,0
The climbing mechanic is intuitive.,non-spam,0
Economy is unbalanced - too much gold later.,non-spam,0
Visual effects during combat are stunning.,non-spam,0
Steep learning curve for new players.,non-spam,0
The settlement building is addictive.,non-spam,0
Screen tearing is an issue without VSync.,non-spam,0
Combat animations are fluid.,non-spam,0
Too much reliance on RNG.,non-spam,0
World detail is astonishing - found hidden stories everywhere.,non-spam,0
Inventory space is too limited.,non-spam,0
Parrying system feels rewarding.,non-spam,0
Story has plot holes.,non-spam,0
Ray tracing makes a noticeable difference.,non-spam,0
Enemy respawn rates are too high.,non-spam,0
Music swells at perfect emotional moments.,non-spam,0
Quick menu is slow to navigate.,non-spam,0
Physics-based puzzles are creative.,non-spam,0
Underwater controls are awkward.,non-spam,0
Character creator allows unique appearances.,non-spam,0
Too many collectibles for completionists.,non-spam,0
Dynamic difficulty adjustment works well.,non-spam,0
No option to change FOV on console.,non-spam,0
Weather effects are breathtaking.,non-spam,0
Crafting menus are confusing.,non-spam,0
NPC schedules make the world believable.,non-spam,0
Fast travel loading screens are too long.,non-spam,0
Weapon degradation adds strategic layer.,non-spam,0
Main story is shorter than expected.,non-spam,0
Particle effects during spells are gorgeous.,non-spam,0
Stealth detection is inconsistent.,non-spam,0
Choices actually matter in the long term.,non-spam,0
Too many audio logs for storytelling.,non-spam,0
Procedural dialogue keeps interactions fresh.,non-spam,0
Aiming down sights feels slow.,non-spam,0
World reacts to your reputation.,non-spam,0
Inventory sorting options are limited.,non-spam,0
Dual-wielding mechanics are well-implemented.,non-spam,0
Third act loses narrative focus.,non-spam,0
Realistic facial animations.,non-spam,0
Partner AI gets stuck on geometry.,non-spam,0
Skill-based progression feels rewarding.,non-spam,0
Too many similar-looking dungeons.,non-spam,0
Lighting creates amazing atmosphere.,non-spam,0
Crafting is unnecessary on easy difficulty.,non-spam,0
Factions have believable motivations.,non-spam,0
Map doesn't show elevation changes.,non-spam,0
Combo system is deep and technical.,non-spam,0
Ending doesn't resolve all plot threads.,non-spam,0
Volumetric fog looks incredible.,non-spam,0
Enemy AI is too aggressive on normal.,non-spam,0
Your actions affect the game world visibly.,non-spam,0
Too many useless loot items.,non-spam,0
Physics interactions are realistic.,non-spam,0
Default keybindings are awkward.,non-spam,0
Different playstyles are viable.,non-spam,0
Some textures look low-res up close.,non-spam,0
Magic feels powerful and impactful.,non-spam,0
Story is predictable.,non-spam,0
Reflections in puddles are impressive.,non-spam,0
Stealth is too easy.,non-spam,0
Missions have multiple approaches.,non-spam,0
Carry weight limits are too restrictive.,non-spam,0
Combat has weight and impact.,non-spam,0
Pacing suffers from too much traveling.,non-spam,0
The skybox at night is beautiful.,non-spam,0
Crafting components are poorly explained.,non-spam,0
NPCs remember your previous interactions.,non-spam,0
Loading between zones breaks immersion.,non-spam,0
Character builds allow for experimentation.,non-spam,0
Difficulty options lack granularity.,non-spam,0
Realistic water physics.,non-spam,0
Quick-time events feel dated.,non-spam,0
Your choices create unique story branches.,non-spam,0
Too much menu navigation.,non-spam,0
Destruction physics are satisfying.,non-spam,0
Story has emotional depth.,non-spam,0
Anti-aliasing options are limited.,non-spam,0
Movement feels responsive and precise.,non-spam,0
Too many invisible walls.,non-spam,0
Dynamic shadows create atmosphere.,non-spam,0
Crafting is optional but rewarding.,non-spam,0
Faction reputation system is deep.,non-spam,0
Map markers are sometimes inaccurate.,non-spam,0
Magic combos with environmental effects.,non-spam,0
Third-person camera is too close.,non-spam,0
Realistic cloth simulation.,non-spam,0
Side quests have meaningful stories.,non-spam,0
Input lag in menus.,non-spam,0
Weapon sounds are punchy and real.,non-spam,0
RPG elements feel tacked on.,non-spam,0
Time of day affects gameplay mechanics.,non-spam,0
Inventory is poorly organized.,non-spam,0
Combat is strategic and tactical.,non-spam,0
Main villain lacks development.,non-spam,0
Global illumination looks photorealistic.,non-spam,0
Enemy scaling removes sense of progression.,non-spam,0
Your character's morality affects gameplay.,non-spam,0
Too many loading screens.,non-spam,0
Physics objects can be used strategically.,non-spam,0
Story has satisfying character arcs.,non-spam,0
Depth of field in cutscenes is overdone.,non-spam,0
Movement has momentum and weight.,non-spam,0
Map is too large with not enough content.,non-spam,0
Realistic fire propagation.,non-spam,0
Crafting allows creative problem-solving.,non-spam,0
NPC daily routines are impressive.,non-spam,0
Fast travel should be unlocked later.,non-spam,0
Elemental interactions in combat.,non-spam,0
Camera gets stuck in tight spaces.,non-spam,0
Hair and fur physics look amazing.,non-spam,0
Stealth rewards patience and planning.,non-spam,0
Puzzles interrupt gameplay flow.,non-spam,0
Your reputation precedes you in dialogue.,non-spam,0
Menu navigation is cumbersome with controller.,non-spam,0
Environmental destruction is strategic.,non-spam,0
Story tackles mature themes well.,non-spam,0
Motion blur is too strong by default.,non-spam,0
Parkour feels natural and fluid.,non-spam,0
Too many repetitive enemy types.,non-spam,0
Cloud shadows moving across landscape.,non-spam,0
Alchemy system is complex and deep.,non-spam,0
NPCs have unique daily schedules.,non-spam,0
Loading times between deaths are frustrating.,non-spam,0
Magic spells combo with each other.,non-spam,0
Cover shooter mechanics feel generic.,non-spam,0
Realistic material weathering over time.,non-spam,0
Choices have unforeseen consequences.,non-spam,0
Inventory management takes too much time.,non-spam,0
Combat animations sync with hits perfectly.,non-spam,0
Story lacks original ideas.,non-spam,0
Screen space reflections are well-implemented.,non-spam,0
Difficulty curve is poorly designed.,non-spam,0
World changes based on your decisions.,non-spam,0
Too many unskippable tutorials.,non-spam,0
Destructible cover adds tactical depth.,non-spam,0
Character writing is nuanced.,non-spam,0
Chromatic aberration option missing.,non-spam,0
Movement speed feels just right.,non-spam,0
Map reveals too much information.,non-spam,0
Subsurface scattering on skin.,non-spam,0
Stealth requires environmental awareness.,non-spam,0
Quick-time events break immersion.,non-spam,0
Factions remember your allegiances.,non-spam,0
UI scales poorly on 4K monitors.,non-spam,0
Physics-based combat is satisfying.,non-spam,0
Story has unexpected twists.,non-spam,0
Depth of field hides low-res backgrounds.,non-spam,0
Platforming sections are precise.,non-spam,0
Too many meaningless collectibles.,non-spam,0
Dynamic weather affects visibility.,non-spam,0
Crafting recipes are discovered naturally.,non-spam,0
NPCs react to your combat style.,non-spam,0
Fast travel should cost resources.,non-spam,0
Elemental weaknesses matter in combat.,non-spam,0
Camera auto-adjusts poorly.,non-spam,0
Realistic eye reflections and moisture.,non-spam,0
Stealth tools encourage creativity.,non-spam,0
Puzzles rely on trial and error.,non-spam,0
Your backstory affects dialogue options.,non-spam,0
Menu music is repetitive.,non-spam,0
Destruction creates emergent gameplay.,non-spam,0
Character motivations are believable.,non-spam,0
Film grain option would be nice.,non-spam,0
Movement animations are smooth.,non-spam,0
World feels too empty.,non-spam,0
Volumetric clouds look incredible.,non-spam,0
Alchemy requires experimentation.,non-spam,0
NPCs have unique relationships with each other.,non-spam,0
Too many confirmations for fast travel.,non-spam,0
Awesome game!,non-spam,0
Not bad.,non-spam,0
Yeah.,non-spam,0
Loved it!,non-spam,0
Trash.,non-spam,0
Try it,non-spam,0
Too many adds,non-spam,0
10/10,non-spam,0
5 stars,non-spam,0
Waste of money,non-spam,0
What a game... absolutely breathtaking.,non-spam,0
"Wait, what?! The ending shocked me!",non-spam,0
Seriously??? This needs a patch ASAP.,non-spam,0
OMG the graphics!!!,non-spam,0
WTF were they thinking with this UI?,non-spam,0
LOL the physics glitches are hilarious,non-spam,0
BRB need to play more,non-spam,0
SMH at these microtransactions,non-spam,0
IDK if I should recommend this,non-spam,0
TBH it's worth the price,non-spam,0
Check out my stream for gameplay tips!,non-spam,0
Follow me for more reviews,non-spam,0
Visit my channel for walkthroughs,non-spam,0
DM me if you need help with boss fights,non-spam,0
Free tips: headshots deal extra damage,non-spam,0
Want to team up? Add me!,non-spam,0
Join our Discord for co-op,non-spam,0
Subscribe for daily gaming content,non-spam,0
Like this if you agree,non-spam,0
Comment your thoughts below,non-spam,0
Does anyone know how to unlock the secret ending?,non-spam,0
What's the best build for mage?,non-spam,0
Is the DLC worth buying?,non-spam,0
Can you play this on Mac?,non-spam,0
How long to complete main story?,non-spam,0
Multiplayer still active?,non-spam,0
Best class for beginners?,non-spam,0
Controller or keyboard better?,non-spam,0
Any news about sequel?,non-spam,0
Patch notes anywhere?,non-spam,0
THIS GAME IS AMAZING!,non-spam,0
WORST GAME EVER MADE,non-spam,0
BUY THIS NOW,non-spam,0
DON'T WASTE YOUR MONEY,non-spam,0
MUST PLAY GAME,non-spam,0
AVOID AT ALL COSTS,non-spam,0
PERFECT 10/10,non-spam,0
INSTANT CLASSIC,non-spam,0
GAME OF THE YEAR,non-spam,0
COMPLETE GARBAGE,non-spam,0
Earned all achievements in 2 days!,non-spam,0
Made $0 streaming this but had fun,non-spam,0
Free demo convinced me to buy,non-spam,0
Got it for free on Epic Store,non-spam,0
100% completion took 200 hours,non-spam,0
Speedrun record: 1:23:45,non-spam,0
Beat the game without taking damage,non-spam,0
Found all 250 collectibles,non-spam,0
No-lifed this for a week straight,non-spam,0
Played beta and final is better,non-spam,0
tHiS GaMe iS WeIrD bUt fUn,non-spam,0
cOnTrOlS FeEl oFf,non-spam,0
gRaPhIcS ArE GoOd,non-spam,0
sToRy Is CoOl,non-spam,0
mUsIc Is NiCe,non-spam,0
gAmEpLaY Is sMoOtH,non-spam,0
bUgS EvErYwHeRe,non-spam,0
fUn BuT FlAwEd,non-spam,0
oK GaMe,non-spam,0
mE GaMe LiKe,non-spam,0
GET FREE VBUCKS NOW! CLICK LINK IN BIO!!!,spam,1
EARN $500 DAILY PLAYING GAMES! WORK FROM HOME!,spam,1
ADD ME FOR FREE CP CODES AND HACKS,spam,1
CLICK HERE FOR UNLIMITED GEMS NO SURVEY 2024,spam,1
FREE ROBUX GENERATOR NO HUMAN VERIFICATION,spam,1
WIN REAL MONEY PLAYING MOBILE GAMES!,spam,1
GET PREMIUM ACCOUNT FOR FREE!!! WORKING METHOD,spam,1
DOWNLOAD THIS APP TO EARN BITCOIN WHILE GAMING,spam,1
DOUBLE YOUR DIAMONDS WITH THIS GLITCH 2024,spam,1
FREE BATTLE PASS FOR EVERYONE!!!,spam,1
UNLOCK ALL SKINS WITH THIS SIMPLE TRICK,spam,1
GET PAID TO TEST GAMES - EASY $100 PER DAY,spam,1
FREE GIFT CARDS FOR PLAYSTATION NETWORK,spam,1
NO SCAM! REAL MONEY MAKING GAME APP,spam,1
INCREASE YOUR RANK INSTANTLY - DM ME,spam,1
FREE STEAM WALLET CODES GENERATOR,spam,1
MAKE $3000 MONTHLY PLAYING VIDEO GAMES,spam,1
HACK TOOL FOR UNLIMITED CURRENCY - VIRUS FREE,spam,1
GET VERIFIED SELLER ACCOUNTS CHEAP,spam,1
EARN CRYPTO WHILE YOU SLEEP - GAMING APP,spam,1
FREE XBOX GAME PASS ULTIMATE 3 YEARS,spam,1
CLICK TO CLAIM FREE PREMIUM LOOT BOXES,spam,1
GET RICH PLAYING GAMES - PROOF IN SCREENSHOTS,spam,1
UNBAN YOUR ACCOUNT WITH THIS METHOD 100% WORKING,spam,1
FREE NINTENDO SWITCH CODES DAILY,spam,1
MAKE REAL CASH COMPETING IN ESPORTS,spam,1
SKIN SELLING WEBSITE - INSTANT PAYOUT,spam,1
GAME TESTING JOBS $50/HOUR NO EXPERIENCE,spam,1
FREE ACCOUNT GIVEAWAY - LIKE AND SUBSCRIBE,spam,1
UNLIMITED GOLD GLITCH PATCHED BUT STILL WORKS,spam,1
DOWNLOAD MOD APK FOR PREMIUM FEATURES,spam,1
GET SPONSORED TO PLAY GAMES - EASY MONEY,spam,1
FREE IN-GAME ITEMS JUST ENTER EMAIL,spam,1
BOOST YOUR STATS WITH OUR SERVICE,spam,1
WIN IPHONE 15 PRO MAX - GAMING TOURNAMENT,spam,1
REMOVE ADS FOREVER WITH THIS HACK,spam,1
GET VERIFIED ON GAMING PLATFORMS EASILY,spam,1
EARN MONEY WATCHING GAMING VIDEOS,spam,1
FREE DOWNLOAD PAID GAMES NO CRACK,spam,1
INSTANT LEVEL 100 BOOST SERVICE CHEAP,spam,1
MAKE MONEY STREAMING - START TODAY!,spam,1
FREE V-BUCKS CODE: B8X3-7K9L-2M4N,spam,1
Unlock All Achievements Automatically,spam,1
Get Paid For Gaming Surveys - Easy Cash,spam,1
Free Premium Vpn For Gaming No Limit,spam,1
Doubling Any Item - Trusted Trader,spam,1
Earn $1000 Gaming Scholarship Apply Now,spam,1
Remove Cooldowns With This Simple Edit,spam,1
Get Famous On Twitch Overnight Method,spam,1
Free Game Keys Daily Giveaway,spam,1
Make Money From Gaming Clips Online,spam,1
Unlimited Resources Hack No Ban,spam,1
Get Verified Badge On All Platforms,spam,1
Earn Bitcoin Mining While Gaming App,spam,1
Free Access To Beta Tests Exclusive,spam,1
Instant Diamond Rank Boost Cheap,spam,1
Get Sponsored By Razer And Steelseries,spam,1
Free Premium Content No Credit Card,spam,1
Unban Hwid With Spoofer Tool,spam,1
Make Money Selling Game Accounts,spam,1
Free Fortnite Skins Generator 2024,spam,1
Aimbot And Wallhack Download Safe,spam,1
Get Paid To Create Game Mods,spam,1
Free Gaming Gear From Sponsors,spam,1
Unlock All Characters Glitch Working,spam,1
Earn Money From Gaming Tournaments,spam,1
Free Download Latest Games Torrent,spam,1
Boost K/D Ratio Service Guaranteed,spam,1
Get Verified On Discord Easily,spam,1
Minecraft Premium Account Free 2024,spam,1
Make Money Trading Cs:Go Skins,spam,1
Free Roblox Limited Items Claim Now,spam,1
Speed Hack For Any Game Undetected,spam,1
Get Paid For Beta Testing New Games,spam,1
Free Gaming Pc Giveaway Enter Now,spam,1
Unlimited Ammo And Health Cheat,spam,1
Earn Money Creating Gaming Content,spam,1
Free Steam Levels Boost Fast,spam,1
Instant Top 500 Rank Boost Service,spam,1
Get Sponsored By G-Fuel And Corsair,spam,1
Free Dlc Content Unlocker Tool,spam,1
Unban From Any Game Permanently,spam,1
Make Money Coaching Gamers Online,spam,1
Free Origin Access Codes Working,spam,1
Auto-Farm Bot For Mobile Games,spam,1
Get Paid To Review Games On Youtube,spam,1
Free Gaming Chair Giveaway 2024,spam,1
Unlock Premium Features No Root,spam,1
Earn Crypto With Play-To-Earn Games,spam,1
Free Uplay Codes Latest 2024,spam,1
Instant Prestige Master Boost,spam,1
Get Verified On Twitch Fast Method,spam,1
Free Gog Games Collection Torrent,spam,1
No Recoil Scripts For All Games,spam,1
Make Money Selling In-Game Items,spam,1
Free Ps Plus Codes 12 Months,spam,1
Esp Hack For Competitive Games,spam,1
Get Paid For Esports Betting Tips,spam,1
Free Xbox Live Gold Codes 2024,spam,1
Auto-Aim Config Files Download,spam,1
Earn Money From Gaming Affiliate,spam,1
Free Epic Games Store Coupons,spam,1
Unlock All Weapons And Attachments,spam,1
Get Sponsored By Red Bull Gaming,spam,1
Free Gaming Laptop Giveaway Enter,spam,1
Bypass Anticheat Methods 2024,spam,1
Make Money Streaming On Kick,spam,1
Free Blizzard Balance Codes,spam,1
Instant Champion Rank Boost,spam,1
Get Verified On Tiktok Gaming,spam,1
Free Game Pass Ultimate Codes,spam,1
Wallhack For Fps Games Undetected,spam,1
Earn Money Playing Nft Games,spam,1
Free Razer Products Giveaway,spam,1
Unlock All Maps And Modes,spam,1
Get Paid For Esports Analysis,spam,1
Free Steam Skins Market Items,spam,1
Aimbot For Console Games 2024,spam,1
Make Money From Gaming Blog,spam,1
Free Logitech Gear Giveaway,spam,1
Instant Radiant Rank Boost,spam,1
Get Sponsored By Twitch Prime,spam,1
free in-game currency no survey,spam,1
bypass ip ban easy method,spam,1
earn money gaming stocks,spam,1
free hyperx products contest,spam,1
unlock all trophies and awards,spam,1
get paid for game testing jobs,spam,1
free steam profile themes,spam,1
speed hack for racing games,spam,1
make money gaming podcast,spam,1
free asus rog giveaway 2024,spam,1
instant immortal rank service,spam,1
get verified on youtube gaming,spam,1
free game development course,spam,1
no spread configs all games,spam,1
earn money from game modding,spam,1
free nvidia gear giveaway,spam,1
unlock all customizations,spam,1
get sponsored by intel gaming,spam,1
free gaming monitor contest,spam,1
anti-aim scripts download,spam,1
make money gaming newsletter,spam,1
free amd products giveaway,spam,1
instant grandmaster boost,spam,1
get paid for game translation,spam,1
free discord nitro codes,spam,1
bunny hop scripts cs2/valorant,spam,1
earn money gaming consultant,spam,1
free gaming keyboard mouse,spam,1
unlock all endings glitch,spam,1
get sponsored by msi gaming,spam,1
free gaming headset 2024,spam,1
triggerbot for shooters,spam,1
make money gaming coach,spam,1
free cooler master gear,spam,1
instant supreme rank boost,spam,1
get verified on facebook gaming,spam,1
free gaming microphone,spam,1
radar hack for br games,spam,1
earn money game theory,spam,1
free gaming desk giveaway,spam,1
UNLOCK ALL SECRET AREAS,spam,1
GET SPONSORED BY SAMSUNG,spam,1
FREE GAMING CONTROLLER,spam,1
INSTANT HEADSHOT CONFIGS,spam,1
MAKE MONEY GAME JOURNALIST,spam,1
FREE GAMING GLASSES,spam,1
INSTANT TOP 100 BOOST,spam,1
GET PAID FOR GAME ART,spam,1
FREE GAMING MOUSEPAD,spam,1
NO FLASH CONFIGS ALL GAMES,spam,1
EARN MONEY GAME DESIGN,spam,1
FREE GAMING BACKPACK,spam,1
UNLOCK ALL DIFFICULTIES,spam,1
GET SPONSORED BY BENQ,spam,1
FREE GAMING WEBCAM,spam,1
INSTANT PREDATOR RANK,spam,1
MAKE MONEY GAME SOUND,spam,1
FREE GAMING SOCKS LOL,spam,1
GET VERIFIED ON TROVO,spam,1
FREE GAMING HOODIE,spam,1
AIM ASSIST MODS PC,spam,1
EARN MONEY GAME QA,spam,1
FREE GAMING TSHIRT,spam,1
UNLOCK ALL BOSSES,spam,1
GET SPONSORED BY NZXT,spam,1
FREE GAMING CAP,spam,1
INSTANT VALORANT RADIANT,spam,1
MAKE MONEY GAME MUSIC,spam,1
FREE GAMING STICKERS,spam,1
GET PAID FOR GAME VOICE,spam,1
FREE GAMING POSTER,spam,1
INSTANT CS2 FACEIT 10,spam,1
EARN MONEY GAME SCRIPT,spam,1
FREE GAMING LANYARD,spam,1
UNLOCK ALL CUTSCENES,spam,1
GET SPONSORED BY LENOVO,spam,1
FREE GAMING CUP,spam,1
INSTANT APEX PREDATOR,spam,1
MAKE MONEY GAME TEST,spam,1
FREE GAMING BOTTLE,spam,1
EARN MONEY GAME GUIDE,spam,1
free gaming popping,spam,1
unlock all music,spam,1
get sponsored by acer,spam,1
free gaming stand,spam,1
instant overwatch top500,spam,1
make money game trick,spam,1
free gaming cable,spam,1
get verified on dlive,spam,1
free gaming light,spam,1
instant rainbow siege,spam,1
earn money game tip,spam,1
free gaming cloth,spam,1
unlock all voicelines,spam,1
get sponsored by hp,spam,1
free gaming stand,spam,1
instant wow gladiator,spam,1
make money game data,spam,1
free gaming tape,spam,1
get paid for game help,spam,1
free gaming case,spam,1
instant lol challenger,spam,1
earn money game code,spam,1
free gaming screw,spam,1
unlock all emotes,spam,1
get sponsored by dell,spam,1
free gaming tool,spam,1
instant dota immortal,spam,1
make money game plan,spam,1
congratulations! you won a gift card,spam,1
get verified on mixer,spam,1
FREE GAMING WIRE,spam,1
INSTANT ROCKET LEAGUE,spam,1
EARN MONEY GAME IDEA,spam,1
FREE GAMING PLUG,spam,1
UNLOCK ALL POSES,spam,1
GET SPONSORED BY TOSHIBA,spam,1
FREE GAMING CLIP,spam,1
INSTANT PUBG CONQUEROR,spam,1
MAKE MONEY GAME HINT,spam,1
FREE GAMING BOLT,spam,1
GET PAID FOR GAME ADVICE,spam,1
FREE GAMING NUT,spam,1
INSTANT FIFA TOP DIV,spam,1
EARN MONEY GAME CLUE,spam,1
FREE GAMING RIVET,spam,1
UNLOCK ALL TITLES,spam,1
GET SPONSORED BY SONY,spam,1
Get Free Bitcoin While Gaming!,spam,1
Earn Crypto Coins Playing Games!,spam,1
Dogecoin Mining Game - Earn Real Coins!,spam,1
Free Ethereum Coins Daily!,spam,1
Play To Earn Crypto Coins!,spam,1
Coin Master Free Spins 2024!,spam,1
Free Coin Generator No Human Verification!,spam,1
Double Your In-Game Coins Now!,spam,1
Unlimited Coins Hack Working 2024!,spam,1
Claim Free Coins Every Hour!,spam,1
Make Real Money Playing Games!,spam,1
$1000 Daily Gaming Money Method!,spam,1
Get Paid Real Money For Gaming!,spam,1
Money Making Game Apps 2024!,spam,1
Earn Cash Playing Mobile Games!,spam,1
Free Money Giveaway For Gamers!,spam,1
Instant Money Transfer To Paypal!,spam,1
Money Back Guarantee For Boosting!,spam,1
Get Rich Quick Gaming Method!,spam,1
Money Transfer Hack For In-Game!,spam,1
Free Gold Generator 2024 No Survey!,spam,1
Unlimited Gold Glitch Patched!,spam,1
Gold Farming Service Cheap!,spam,1
Double Gold Event Join Now!,spam,1
Gold Selling Website Trusted!,spam,1
Free Gold Codes Daily!,spam,1
Gold Hack Tool Download Free!,spam,1
Gold Generator No Human Verification!,spam,1
Selling Gold Cheap Price!,spam,1
Gold Duplication Glitch Working!,spam,1
WIN FREE PRIZES PLAYING GAMES!,spam,1
DAILY PRIZE GIVEAWAY ENTER NOW!,spam,1
CLAIM YOUR PRIZE CLICK HERE!,spam,1
PRIZE WINNER NOTIFICATION CONGRATS!,spam,1
FREE GAMING PRIZES 2024!,spam,1
PRIZE REDEMPTION CENTER LINK!,spam,1
CONGRATULATIONS! YOU WON A PRIZE CLAIM NOW!,spam,1
PRIZE DRAW ENTER TO WIN!,spam,1
EXCLUSIVE PRIZES FOR GAMERS!,spam,1
PRIZE MONEY TRANSFER AVAILABLE!,spam,1
Gaming Lottery Win Big!,spam,1
Free Lottery Tickets Daily!,spam,1
Lottery Winner Announcement!,spam,1
Win Lottery Playing Games!,spam,1
Lottery Jackpot Giveaway!,spam,1
Free Lottery Entry 2024!,spam,1
Lottery Prize Claim Center!,spam,1
Instant Lottery Winner!,spam,1
Lottery Ticket Generator!,spam,1
Win Millions In Lottery!,spam,1
Invest In Gaming Stocks Earn!,spam,1
Gaming Crypto Investment 100x!,spam,1
Financial Freedom Through Games!,spam,1
Stock Market Gaming App Profit!,spam,1
Investment Opportunity Gaming!,spam,1
Financial Independence Gaming!,spam,1
Trading Bot For Game Items!,spam,1
Invest $100 Earn $1000 Daily!,spam,1
Financial Gaming Revolution!,spam,1
Stocks Crypto Gold All In One!,spam,1
$5000 Monthly Gaming Salary!,spam,1
Guaranteed Income Playing Games!,spam,1
Monthly Revenue From Gaming!,spam,1
Passive Income Gaming Apps!,spam,1
Daily Salary As Game Tester!,spam,1
Weekly Paycheck From Gaming!,spam,1
Fixed Income Gaming Jobs!,spam,1
Yearly Earnings $100k Gaming!,spam,1
Hourly Wage Playing Games!,spam,1
Residual Income Gaming Method!,spam,1
